<?xml version="1.0" encoding="UTF-8"?>
<project-private xmlns="http://www.netbeans.org/ns/project-private/1">
    <editor-bookmarks xmlns="http://www.netbeans.org/ns/editor-bookmarks/2" lastBookmarkId="0"/>
    <open-files xmlns="http://www.netbeans.org/ns/projectui-open-files/2">
        <group>
            <file>file:/C:/Users/ivanr/Documents/NetBeansProjects/ProyectoTFG_Ant/src/dialogs/EmitTokens.java</file>
            <file>file:/C:/Users/ivanr/Documents/NetBeansProjects/ProyectoTFG_Ant/src/panels/Log.java</file>
            <file>file:/C:/Users/ivanr/Documents/NetBeansProjects/ProyectoTFG_Ant/src/interfaces/names/Icons.java</file>
            <file>file:/C:/Users/ivanr/Documents/NetBeansProjects/ProyectoTFG_Ant/src/interfaces/names/Routes.java</file>
            <file>file:/C:/Users/ivanr/Documents/NetBeansProjects/ProyectoTFG_Ant/src/dialogs/ManagementTeacher.java</file>
            <file>file:/C:/Users/ivanr/Documents/NetBeansProjects/ProyectoTFG_Ant/src/frames/LoginWindow.java</file>
            <file>file:/C:/Users/ivanr/Documents/NetBeansProjects/ProyectoTFG_Ant/src/frames/NewJFrame.java</file>
            <file>file:/C:/Users/ivanr/Documents/NetBeansProjects/ProyectoTFG_Ant/src/dialogs/TransactionUser.java</file>
            <file>file:/C:/Users/ivanr/Documents/NetBeansProjects/ProyectoTFG_Ant/src/panels/TransactionLog.java</file>
            <file>file:/C:/Users/ivanr/Documents/NetBeansProjects/ProyectoTFG_Ant/src/frames/MainWindow.java</file>
        </group>
    </open-files>
</project-private>
